x_deg,y_deg,z_deg,n_frames,mean_opt_loss,median_opt_loss,std_opt_loss,mean_init_loss
-180.0,-90.0,180.0,73,0.0013219660613685846,0.0009048827923834324,0.0011342689394950867,0.0030795345082879066
-135.0,-90.0,135.0,73,0.0013219660613685846,0.0009048827923834324,0.0011342689394950867,0.0030795345082879066
-90.0,-90.0,90.0,73,0.0013219660613685846,0.0009048827923834324,0.0011342689394950867,0.0030795345082879066
-45.0,-90.0,45.0,73,0.0013219660613685846,0.0009048827923834324,0.0011342689394950867,0.0030795345082879066
0.0,-90.0,0.0,73,0.0013219660613685846,0.0009048827923834324,0.0011342689394950867,0.0030795345082879066
45.0,-90.0,-45.0,73,0.0013219660613685846,0.0009048827923834324,0.0011342689394950867,0.0030795345082879066
90.0,-90.0,-90.0,73,0.0013219660613685846,0.0009048827923834324,0.0011342689394950867,0.0030795345082879066
135.0,-90.0,-135.0,73,0.0013219660613685846,0.0009048827923834324,0.0011342689394950867,0.0030795345082879066
180.0,-90.0,180.0,73,0.0013219660613685846,0.0009048827923834324,0.0011342689394950867,0.0030795345082879066
-180.0,-90.0,-180.0,73,0.0013399674789980054,0.0009048809297382832,0.0011768388794735074,0.0030795345082879066
180.0,-90.0,-180.0,73,0.0013399674789980054,0.0009048809297382832,0.0011768388794735074,0.0030795345082879066
-180.0,-45.0,135.0,73,0.001659769332036376,0.0012426351895555854,0.0010451319394633174,0.00380342872813344
0.0,-135.0,-45.0,73,0.001659769332036376,0.0012426351895555854,0.0010451319394633174,0.00380342872813344
180.0,-45.0,135.0,73,0.001659769332036376,0.0012426351895555854,0.0010451319394633174,0.00380342872813344
-45.0,-135.0,-45.0,73,0.0019137071212753654,0.001611226238310337,0.0010301930597051978,0.004939963575452566
135.0,-45.0,135.0,73,0.0019137071212753654,0.001611226238310337,0.0010301930597051978,0.004939963575452566
-90.0,-45.0,90.0,73,0.0021934607066214085,0.002077332464978099,0.0006957259029150009,0.004674950614571571
90.0,-135.0,-90.0,73,0.0021934607066214085,0.002077332464978099,0.0006957259029150009,0.004674950614571571
-180.0,-90.0,135.0,73,0.0023353633005172014,0.0021950658410787582,0.0009934556437656283,0.0055529531091451645
-135.0,-90.0,90.0,73,0.0023353633005172014,0.0021950658410787582,0.0009934556437656283,0.0055529531091451645
-90.0,-90.0,45.0,73,0.0023353633005172014,0.0021950658410787582,0.0009934556437656283,0.0055529531091451645
-45.0,-90.0,0.0,73,0.0023353633005172014,0.0021950658410787582,0.0009934556437656283,0.0055529531091451645
0.0,-90.0,-45.0,73,0.0023353633005172014,0.0021950658410787582,0.0009934556437656283,0.0055529531091451645
45.0,-90.0,-90.0,73,0.0023353633005172014,0.0021950658410787582,0.0009934556437656283,0.0055529531091451645
90.0,-90.0,-135.0,73,0.0023353633005172014,0.0021950658410787582,0.0009934556437656283,0.0055529531091451645
135.0,-90.0,180.0,73,0.0023353633005172014,0.0021950658410787582,0.0009934556437656283,0.0055529531091451645
180.0,-90.0,135.0,73,0.0023353633005172014,0.0021950658410787582,0.0009934556437656283,0.0055529531091451645
-135.0,-90.0,-180.0,73,0.0023789082188159227,0.0021674761082977057,0.0008761394419707358,0.003716487204656005
-180.0,-135.0,-135.0,73,0.002383639570325613,0.00214293017052114,0.001196086872369051,0.00320124882273376
0.0,-45.0,45.0,73,0.002383639570325613,0.00214293017052114,0.0011960867559537292,0.00320124882273376
180.0,-135.0,-135.0,73,0.002383639570325613,0.00214293017052114,0.001196086872369051,0.00320124882273376
-180.0,-90.0,-135.0,73,0.0023953712079674006,0.0021674761082977057,0.0008985060267150402,0.003716487204656005
-135.0,-90.0,180.0,73,0.0023953712079674006,0.0021674761082977057,0.0008985060267150402,0.003716487204656005
-90.0,-90.0,135.0,73,0.0023953712079674006,0.0021674761082977057,0.0008985060267150402,0.003716487204656005
-45.0,-90.0,90.0,73,0.0023953712079674006,0.0021674761082977057,0.0008985060267150402,0.003716487204656005
0.0,-90.0,45.0,73,0.0023953712079674006,0.0021674761082977057,0.0008985060267150402,0.003716487204656005
45.0,-90.0,0.0,73,0.0023953712079674006,0.0021674761082977057,0.0008985060267150402,0.003716487204656005
90.0,-90.0,-45.0,73,0.0023953712079674006,0.0021674761082977057,0.0008985060267150402,0.003716487204656005
135.0,-90.0,-90.0,73,0.0023953712079674006,0.0021674761082977057,0.0008985060267150402,0.003716487204656005
180.0,-90.0,-135.0,73,0.0023953712079674006,0.0021674761082977057,0.0008985060267150402,0.003716487204656005
135.0,-90.0,-180.0,73,0.0024354716297239065,0.0022803025785833597,0.0011615474941208959,0.0055529531091451645
-135.0,-45.0,90.0,73,0.002459942130371928,0.0024036457762122154,0.0007406885852105916,0.0053081028163433075
45.0,-135.0,-90.0,73,0.002459942130371928,0.0024036457762122154,0.0007406885852105916,0.0053081028163433075
-45.0,-45.0,90.0,73,0.0027118090074509382,0.0027455731760710478,0.0006300887907855213,0.004335928708314896
135.0,-135.0,-90.0,73,0.0027118090074509382,0.0027455731760710478,0.0006300887907855213,0.004335928708314896
-135.0,-45.0,135.0,73,0.0027216498274356127,0.002479907823726535,0.0011330486740916967,0.004511086270213127
45.0,-135.0,-45.0,73,0.0027216498274356127,0.002479907823726535,0.0011330486740916967,0.004511086270213127
-135.0,-135.0,-135.0,73,0.0027753182221204042,0.00238988921046257,0.0013949410058557987,0.0032239467836916447
45.0,-45.0,45.0,73,0.0027753182221204042,0.00238988921046257,0.0013949410058557987,0.0032239467836916447
-90.0,-135.0,-90.0,73,0.003154205624014139,0.002936386503279209,0.0009688832797110081,0.005679171998053789
90.0,-45.0,90.0,73,0.003154205624014139,0.002936386503279209,0.0009688832797110081,0.005679171998053789
-45.0,-135.0,-90.0,73,0.0031648268923163414,0.003196688601747155,0.000660620687995106,0.006018194369971752
135.0,-45.0,90.0,73,0.0031648268923163414,0.003196688601747155,0.000660620687995106,0.006018194369971752
-180.0,-45.0,90.0,73,0.0031941269990056753,0.003333988832309842,0.0008433937910012901,0.005864492617547512
0.0,-135.0,-90.0,73,0.0031941269990056753,0.003333988832309842,0.0008433937910012901,0.005864492617547512
180.0,-45.0,90.0,73,0.0031941269990056753,0.003333988832309842,0.0008433937910012901,0.005864492617547512
-45.0,-135.0,0.0,73,0.003328154096379876,0.0025843605399131775,0.0019956869073212147,0.00631720433011651
135.0,-45.0,180.0,73,0.003328154096379876,0.0025843605399131775,0.0019956869073212147,0.00631720433011651
135.0,-45.0,-180.0,73,0.0033355180639773607,0.0025843598414212465,0.0019989765714854,0.00631720433011651
-90.0,-135.0,-45.0,73,0.0034817983396351337,0.0033388559240847826,0.001030729035846889,0.007254923693835735
90.0,-45.0,135.0,73,0.0034817983396351337,0.0033388559240847826,0.001030729035846889,0.007254923693835735
-45.0,-45.0,45.0,73,0.0036095045506954193,0.003407306969165802,0.0011770215351134539,0.005538051016628742
135.0,-135.0,-135.0,73,0.0036095045506954193,0.003407306969165802,0.001177021418698132,0.005538051016628742
-135.0,-135.0,-90.0,73,0.003858560463413596,0.0037207985296845436,0.0009956390131264925,0.005046019796282053
45.0,-45.0,90.0,73,0.003858560463413596,0.0037207985296845436,0.0009956390131264925,0.005046019796282053
-180.0,-135.0,-90.0,73,0.0038769228849560022,0.003968423698097467,0.0009168985998257995,0.004489630460739136
0.0,-45.0,90.0,73,0.0038769228849560022,0.003968423698097467,0.0009168985998257995,0.004489630460739136
180.0,-135.0,-90.0,73,0.0038769228849560022,0.003968423698097467,0.0009168985998257995,0.004489630460739136
-90.0,-135.0,-135.0,73,0.003941707778722048,0.003588718129321933,0.0015390996122732759,0.005592848174273968
90.0,-45.0,45.0,73,0.003941707778722048,0.003588718129321933,0.0015390997286885977,0.005592848174273968
-90.0,-180.0,-90.0,73,0.0039743222296237946,0.003681153990328312,0.001570122316479683,0.006358511745929718
-90.0,180.0,-90.0,73,0.0039743222296237946,0.003681153990328312,0.001570122316479683,0.006358511745929718
90.0,0.0,90.0,73,0.0039743222296237946,0.003681153990328312,0.001570122316479683,0.006358511745929718
-135.0,-135.0,-180.0,73,0.004122703801840544,0.0034699703101068735,0.002306526992470026,0.004993364214897156
-45.0,-180.0,-90.0,73,0.004157392308115959,0.004063216503709555,0.001343742711469531,0.007233887445181608
-45.0,180.0,-90.0,73,0.004157392308115959,0.004063216503709555,0.001343742711469531,0.007233887445181608
135.0,0.0,90.0,73,0.004157392308115959,0.004063216503709555,0.001343742711469531,0.007233887445181608
-135.0,-135.0,180.0,73,0.004224093165248632,0.00367306568659842,0.0023312047123908997,0.004993364214897156
45.0,-45.0,0.0,73,0.004224093165248632,0.00367306568659842,0.0023312047123908997,0.004993364214897156
-45.0,-180.0,-45.0,73,0.004621494561433792,0.0039503308944404125,0.0020935290958732367,0.00814943015575409
-45.0,180.0,-45.0,73,0.004621494561433792,0.0039503308944404125,0.0020935290958732367,0.00814943015575409
135.0,0.0,135.0,73,0.004621494561433792,0.0039503308944404125,0.0020935290958732367,0.00814943015575409
-90.0,-135.0,0.0,73,0.004642522893846035,0.0040283952839672565,0.001762906089425087,0.0093970512971282
90.0,-45.0,180.0,73,0.004642522893846035,0.0040283952839672565,0.001762906089425087,0.0093970512971282
90.0,-45.0,-180.0,73,0.0046484386548399925,0.004040285479277372,0.001770967268384993,0.0093970512971282
-180.0,-90.0,-90.0,73,0.004765717312693596,0.004740617703646421,0.0011905697174370289,0.007090694271028042
-135.0,-90.0,-135.0,73,0.004765717312693596,0.004740617703646421,0.0011905697174370289,0.007090694271028042
-90.0,-90.0,180.0,73,0.004765717312693596,0.004740617703646421,0.0011905697174370289,0.007090694271028042
-45.0,-90.0,135.0,73,0.004765717312693596,0.004740617703646421,0.0011905697174370289,0.007090694271028042
0.0,-90.0,90.0,73,0.004765717312693596,0.004740617703646421,0.0011905697174370289,0.007090694271028042
45.0,-90.0,45.0,73,0.004765717312693596,0.004740617703646421,0.0011905697174370289,0.007090694271028042
90.0,-90.0,0.0,73,0.004765717312693596,0.004740617703646421,0.0011905697174370289,0.007090694271028042
135.0,-90.0,-45.0,73,0.004765717312693596,0.004740617703646421,0.0011905697174370289,0.007090694271028042
180.0,-90.0,-90.0,73,0.004765717312693596,0.004740617703646421,0.0011905697174370289,0.007090694271028042
-90.0,-90.0,-180.0,73,0.004797943402081728,0.004782389383763075,0.001168315066024661,0.007090694271028042
-180.0,0.0,135.0,73,0.004806288983672857,0.004308940377086401,0.002054551849141717,0.009411472827196121
0.0,-180.0,-45.0,73,0.004806288983672857,0.004308940377086401,0.002054551849141717,0.009411472827196121
0.0,180.0,-45.0,73,0.004806288983672857,0.004308940377086401,0.002054551849141717,0.009411472827196121
180.0,0.0,135.0,73,0.004806288983672857,0.004308940377086401,0.002054551849141717,0.009411472827196121
-90.0,-135.0,-180.0,73,0.004863352049142122,0.003967152442783117,0.0025270162150263786,0.007046522572636604
-180.0,-90.0,90.0,73,0.0049429237842559814,0.004963027313351631,0.0011964751174673438,0.009687847457826138
-135.0,-90.0,45.0,73,0.0049429237842559814,0.004963027313351631,0.0011964751174673438,0.009687847457826138
-90.0,-90.0,0.0,73,0.0049429237842559814,0.004963027313351631,0.0011964751174673438,0.009687847457826138
-45.0,-90.0,-45.0,73,0.0049429237842559814,0.004963027313351631,0.0011964751174673438,0.009687847457826138
0.0,-90.0,-90.0,73,0.0049429237842559814,0.004963027313351631,0.0011964751174673438,0.009687847457826138
45.0,-90.0,-135.0,73,0.0049429237842559814,0.004963027313351631,0.0011964751174673438,0.009687847457826138
90.0,-90.0,180.0,73,0.0049429237842559814,0.004963027313351631,0.0011964751174673438,0.009687847457826138
135.0,-90.0,135.0,73,0.0049429237842559814,0.004963027313351631,0.0011964751174673438,0.009687847457826138
180.0,-90.0,90.0,73,0.0049429237842559814,0.004963027313351631,0.0011964751174673438,0.009687847457826138
-90.0,-135.0,180.0,73,0.004994682036340237,0.004307636525481939,0.002465942408889532,0.007046522572636604
90.0,-45.0,0.0,73,0.004994682036340237,0.004307636525481939,0.002465942408889532,0.007046522572636604
90.0,-90.0,-180.0,73,0.005015001632273197,0.00498113501816988,0.0012137378798797727,0.009687847457826138
-180.0,-45.0,-180.0,73,0.005030856933444738,0.004350123926997185,0.0021635761950165033,0.0062812380492687225
180.0,-45.0,-180.0,73,0.005030856933444738,0.004350123926997185,0.0021635761950165033,0.0062812380492687225
-180.0,-45.0,180.0,73,0.005040222778916359,0.0044014970771968365,0.002172206761315465,0.0062812380492687225
0.0,-135.0,0.0,73,0.005040222778916359,0.0044014970771968365,0.002172206761315465,0.0062812380492687225
180.0,-45.0,180.0,73,0.005040222778916359,0.0044014970771968365,0.002172206761315465,0.0062812380492687225
-180.0,0.0,90.0,73,0.00504700280725956,0.005326304119080305,0.0015141972107812762,0.010015065781772137
0.0,-180.0,-90.0,73,0.00504700280725956,0.005326304119080305,0.0015141972107812762,0.010015065781772137
0.0,180.0,-90.0,73,0.00504700280725956,0.005326304119080305,0.0015141972107812762,0.010015065781772137
180.0,0.0,90.0,73,0.00504700280725956,0.005326304119080305,0.0015141972107812762,0.010015065781772137
-90.0,-45.0,135.0,73,0.005107556935399771,0.005357938352972269,0.001441211556084454,0.006648399867117405
90.0,-135.0,-45.0,73,0.005107556935399771,0.005357938352972269,0.001441211556084454,0.006648399867117405
-90.0,-135.0,135.0,73,0.005187875125557184,0.003951577469706535,0.0030886942986398935,0.009188649244606495
90.0,-45.0,-45.0,73,0.005187875125557184,0.003951577469706535,0.0030886942986398935,0.009188649244606495
-90.0,-135.0,90.0,73,0.0052063921466469765,0.003941127564758062,0.0030412536580115557,0.010764402337372303
90.0,-45.0,-90.0,73,0.0052063921466469765,0.003941127564758062,0.0030412536580115557,0.010764402337372303
-90.0,-135.0,45.0,73,0.005300086457282305,0.00439656525850296,0.0023867059499025345,0.010850724764168262
90.0,-45.0,-135.0,73,0.005300086457282305,0.00439656525850296,0.0023867059499025345,0.010850724764168262
-135.0,-180.0,-135.0,73,0.005379008129239082,0.004928089212626219,0.0026198807172477245,0.0075590829364955425
-135.0,180.0,-135.0,73,0.005379008129239082,0.004928089212626219,0.0026198807172477245,0.0075590829364955425
45.0,0.0,45.0,73,0.005379008129239082,0.004928089212626219,0.0026198807172477245,0.0075590829364955425
-135.0,-180.0,-90.0,73,0.005392693914473057,0.005167826544493437,0.001748297712765634,0.007901720702648163
-135.0,180.0,-90.0,73,0.005392693914473057,0.005167826544493437,0.001748297712765634,0.007901720702648163
45.0,0.0,90.0,73,0.005392693914473057,0.005167826544493437,0.001748297712765634,0.007901720702648163
-90.0,-45.0,45.0,73,0.00566078582778573,0.005839849356561899,0.0014045106945559382,0.008865485899150372
90.0,-135.0,-135.0,73,0.00566078582778573,0.005839849356561899,0.0014045106945559382,0.008865485899150372
-45.0,-135.0,45.0,73,0.0057446700520813465,0.004930329974740744,0.0027198789175599813,0.00934314914047718
135.0,-45.0,-135.0,73,0.0057446700520813465,0.004930329974740744,0.0027198789175599813,0.00934314914047718
-180.0,-135.0,180.0,73,0.0058642965741455555,0.005484342109411955,0.0019904766231775284,0.006989466957747936
0.0,-45.0,0.0,73,0.0058642965741455555,0.005484342109411955,0.0019904766231775284,0.006989466957747936
180.0,-135.0,180.0,73,0.0058642965741455555,0.005484342109411955,0.0019904766231775284,0.006989466957747936
-180.0,-135.0,-180.0,73,0.005918699782341719,0.005484336521476507,0.0020175122190266848,0.006989466957747936
180.0,-135.0,-180.0,73,0.005918699782341719,0.005484336521476507,0.0020175122190266848,0.006989466957747936
-135.0,-135.0,135.0,73,0.006072986871004105,0.0050757164135575294,0.002548443851992488,0.009317771531641483
45.0,-45.0,-45.0,73,0.006072986871004105,0.0050757164135575294,0.002548443851992488,0.009317771531641483
-45.0,-135.0,-135.0,73,0.0061058830469846725,0.00620592525228858,0.00155926204752177,0.008920283988118172
135.0,-45.0,45.0,73,0.0061058830469846725,0.00620592525228858,0.0015592619311064482,0.008920283988118172
-180.0,-180.0,-135.0,73,0.006190258543938398,0.006082845386117697,0.002274465514346957,0.0106025580316782
-180.0,180.0,-135.0,73,0.006190258543938398,0.006082845386117697,0.002274465514346957,0.0106025580316782
0.0,0.0,45.0,73,0.006190258543938398,0.006082845386117697,0.002274465514346957,0.0106025580316782
180.0,-180.0,-135.0,73,0.006190258543938398,0.006082845386117697,0.002274465514346957,0.0106025580316782
180.0,180.0,-135.0,73,0.006190258543938398,0.006082845386117697,0.002274465514346957,0.0106025580316782
-135.0,-135.0,-45.0,73,0.006198986899107695,0.006110008805990219,0.0011704100761562586,0.009392237290740013
45.0,-45.0,135.0,73,0.006198986899107695,0.006110008805990219,0.0011704100761562586,0.009392237290740013
-180.0,-180.0,-90.0,73,0.0064447373151779175,0.006599950138479471,0.0016860084142535925,0.010959524661302567
-180.0,180.0,-90.0,73,0.0064447373151779175,0.006599950138479471,0.0016860084142535925,0.010959524661302567
0.0,0.0,90.0,73,0.0064447373151779175,0.006599950138479471,0.0016860084142535925,0.010959524661302567
180.0,-180.0,-90.0,73,0.0064447373151779175,0.006599950138479471,0.0016860084142535925,0.010959524661302567
180.0,180.0,-90.0,73,0.0064447373151779175,0.006599950138479471,0.0016860084142535925,0.010959524661302567
-45.0,-90.0,-180.0,73,0.006613142788410187,0.006624200846999884,0.0018255802569910884,0.01122558768838644
-180.0,-90.0,-45.0,73,0.00661797309294343,0.006623898167163134,0.0018203504150733352,0.01122558768838644
-135.0,-90.0,-90.0,73,0.00661797309294343,0.006623898167163134,0.0018203504150733352,0.01122558768838644
-90.0,-90.0,-135.0,73,0.00661797309294343,0.006623898167163134,0.0018203504150733352,0.01122558768838644
-45.0,-90.0,180.0,73,0.00661797309294343,0.006623898167163134,0.0018203504150733352,0.01122558768838644
0.0,-90.0,135.0,73,0.00661797309294343,0.006623898167163134,0.0018203504150733352,0.01122558768838644
45.0,-90.0,90.0,73,0.00661797309294343,0.006623898167163134,0.0018203504150733352,0.01122558768838644
90.0,-90.0,45.0,73,0.00661797309294343,0.006623898167163134,0.0018203504150733352,0.01122558768838644
135.0,-90.0,0.0,73,0.00661797309294343,0.006623898167163134,0.0018203504150733352,0.01122558768838644
180.0,-90.0,-45.0,73,0.00661797309294343,0.006623898167163134,0.0018203504150733352,0.01122558768838644
-90.0,-180.0,-45.0,73,0.006648670416325331,0.006494630593806505,0.0017826363909989595,0.009727004915475845
-90.0,180.0,-45.0,73,0.006648670416325331,0.006494630593806505,0.0017826363909989595,0.009727004915475845
90.0,0.0,135.0,73,0.006648670416325331,0.006494630593806505,0.0017826363909989595,0.009727004915475845
-90.0,-180.0,-135.0,73,0.006799835246056318,0.006773596629500389,0.002665949519723654,0.00793093629181385
-90.0,180.0,-135.0,73,0.006799835246056318,0.006773596629500389,0.002665949519723654,0.00793093629181385
90.0,0.0,45.0,73,0.006799835246056318,0.006773596629500389,0.002665949519723654,0.00793093629181385
-135.0,0.0,135.0,73,0.006800690200179815,0.006833209190517664,0.0022860742174088955,0.012773843482136726
45.0,-180.0,-45.0,73,0.006800690200179815,0.006833209190517664,0.0022860742174088955,0.012773843482136726
45.0,180.0,-45.0,73,0.006800690200179815,0.006833209190517664,0.0022860742174088955,0.012773843482136726
-135.0,0.0,90.0,73,0.006811089813709259,0.0072477273643016815,0.0022417688742280006,0.01307286974042654
45.0,-180.0,-90.0,73,0.006811089813709259,0.0072477273643016815,0.0022417688742280006,0.01307286974042654
45.0,180.0,-90.0,73,0.006811089813709259,0.0072477273643016815,0.0022417688742280006,0.01307286974042654
-180.0,-90.0,45.0,73,0.007222210057079792,0.007475511636584997,0.0018825891893357038,0.013062055222690105
-135.0,-90.0,0.0,73,0.007222210057079792,0.007475511636584997,0.0018825891893357038,0.013062055222690105
-90.0,-90.0,-45.0,73,0.007222210057079792,0.007475511636584997,0.0018825891893357038,0.013062055222690105
-45.0,-90.0,-90.0,73,0.007222210057079792,0.007475511636584997,0.0018825891893357038,0.013062055222690105
0.0,-90.0,-135.0,73,0.007222210057079792,0.007475511636584997,0.0018825891893357038,0.013062055222690105
45.0,-90.0,180.0,73,0.007222210057079792,0.007475511636584997,0.0018825891893357038,0.013062055222690105
90.0,-90.0,135.0,73,0.007222210057079792,0.007475511636584997,0.0018825891893357038,0.013062055222690105
135.0,-90.0,90.0,73,0.007222210057079792,0.007475511636584997,0.0018825891893357038,0.013062055222690105
180.0,-90.0,45.0,73,0.007222210057079792,0.007475511636584997,0.0018825891893357038,0.013062055222690105
-45.0,0.0,90.0,73,0.007296630181372166,0.007679010275751352,0.0018824953585863113,0.013740702532231808
135.0,-180.0,-90.0,73,0.007296630181372166,0.007679010275751352,0.0018824953585863113,0.013740702532231808
135.0,180.0,-90.0,73,0.007296630181372166,0.007679010275751352,0.0018824953585863113,0.013740702532231808
45.0,-90.0,-180.0,73,0.007302660029381514,0.00747600756585598,0.0018376812804490328,0.013062055222690105
-45.0,-135.0,90.0,73,0.007373650558292866,0.006466253194957972,0.003147233510389924,0.012245239689946175
135.0,-45.0,-90.0,73,0.007373650558292866,0.006466253194957972,0.003147233510389924,0.012245239689946175
-135.0,-135.0,90.0,73,0.007458706386387348,0.0065770335495471954,0.0023065893910825253,0.01366398949176073
45.0,-45.0,-90.0,73,0.007458706386387348,0.0065770335495471954,0.0023065893910825253,0.01366398949176073
-135.0,-45.0,45.0,73,0.007564025465399027,0.00791624654084444,0.0020250275265425444,0.011234389618039131
45.0,-135.0,-135.0,73,0.007564025465399027,0.00791624654084444,0.0020250275265425444,0.011234389618039131
0.0,-90.0,-180.0,73,0.00759194977581501,0.007695131003856659,0.0022211880423128605,0.013699007220566273
-180.0,-90.0,0.0,73,0.00759853096678853,0.007711519952863455,0.0022089513950049877,0.013699007220566273
-135.0,-90.0,-45.0,73,0.00759853096678853,0.007711519952863455,0.0022089513950049877,0.013699007220566273
-90.0,-90.0,-90.0,73,0.00759853096678853,0.007711519952863455,0.0022089513950049877,0.013699007220566273
-45.0,-90.0,-135.0,73,0.00759853096678853,0.007711519952863455,0.0022089513950049877,0.013699007220566273
0.0,-90.0,180.0,73,0.00759853096678853,0.007711519952863455,0.0022089513950049877,0.013699007220566273
45.0,-90.0,135.0,73,0.00759853096678853,0.007711519952863455,0.0022089513950049877,0.013699007220566273
90.0,-90.0,90.0,73,0.00759853096678853,0.007711519952863455,0.0022089513950049877,0.013699007220566273
135.0,-90.0,45.0,73,0.00759853096678853,0.007711519952863455,0.0022089513950049877,0.013699007220566273
180.0,-90.0,0.0,73,0.00759853096678853,0.007711519952863455,0.0022089513950049877,0.013699007220566273
-90.0,0.0,90.0,73,0.007620448712259531,0.007886894978582859,0.001720698899589479,0.01461607962846756
90.0,-180.0,-90.0,73,0.007620448712259531,0.007886894978582859,0.001720698899589479,0.01461607962846756
90.0,180.0,-90.0,73,0.007620448712259531,0.007886894978582859,0.001720698899589479,0.01461607962846756
-45.0,-45.0,135.0,73,0.00790352001786232,0.008537055924534798,0.0020308091770857573,0.008963361382484436
135.0,-135.0,-45.0,73,0.00790352001786232,0.008537055924534798,0.0020308091770857573,0.008963361382484436
-180.0,-45.0,45.0,73,0.007941573858261108,0.008605831302702427,0.002107362961396575,0.01125708594918251
0.0,-135.0,-135.0,73,0.007941573858261108,0.008605831302702427,0.002107362961396575,0.01125708594918251
180.0,-45.0,45.0,73,0.007941573858261108,0.008605831302702427,0.002107362961396575,0.01125708594918251
-45.0,-135.0,-180.0,73,0.008145997300744057,0.007656946312636137,0.0028189164586365223,0.011946228332817554
-135.0,-45.0,180.0,73,0.00817115418612957,0.008021743968129158,0.0026027963031083345,0.009310219436883926
45.0,-135.0,0.0,73,0.00817115418612957,0.008021743968129158,0.0026027963031083345,0.009310219436883926
-135.0,-135.0,0.0,73,0.008195827715098858,0.00822294782847166,0.0016075021121650934,0.013716645538806915
45.0,-45.0,180.0,73,0.008195827715098858,0.00822294782847166,0.0016075021121650934,0.013716645538806915
-135.0,-45.0,-180.0,73,0.008200003765523434,0.008014737628400326,0.002555284881964326,0.009310219436883926
45.0,-45.0,-180.0,73,0.008206669241189957,0.008222895674407482,0.0016117807244881988,0.013716645538806915
-45.0,-135.0,180.0,73,0.008261729031801224,0.007656945381313562,0.0026232872623950243,0.011946228332817554
135.0,-45.0,0.0,73,0.008261729031801224,0.007656945381313562,0.0026232872623950243,0.011946228332817554
-45.0,-135.0,135.0,73,0.008305683732032776,0.007674614433199167,0.0031473401468247175,0.013323470018804073
135.0,-45.0,-45.0,73,0.008305683732032776,0.007674614433199167,0.0031473401468247175,0.013323470018804073
-180.0,-135.0,-45.0,73,0.008591912686824799,0.00896409247070551,0.001540101831778884,0.010099895298480988
0.0,-45.0,135.0,73,0.008591912686824799,0.00896409247070551,0.001540101831778884,0.010099895298480988
180.0,-135.0,-45.0,73,0.008591912686824799,0.00896409247070551,0.001540101831778884,0.010099895298480988
-90.0,135.0,-90.0,73,0.008627067320048809,0.008244247175753117,0.0031558426562696695,0.015339079312980175
90.0,45.0,90.0,73,0.008627067320048809,0.008244247175753117,0.0031558426562696695,0.015339079312980175
-135.0,-135.0,45.0,73,0.008715571835637093,0.0083420155569911,0.002053663367405534,0.015486064366996288
45.0,-45.0,-135.0,73,0.008715571835637093,0.0083420155569911,0.002053663367405534,0.015486064366996288
-45.0,0.0,45.0,73,0.008758550509810448,0.00904256571084261,0.0019419683376327157,0.015278532169759274
135.0,-180.0,-135.0,73,0.008758550509810448,0.00904256571084261,0.0019419683376327157,0.015278532169759274
135.0,180.0,-135.0,73,0.008758550509810448,0.00904256571084261,0.0019419683376327157,0.015278532169759274
-45.0,-45.0,0.0,73,0.008808828890323639,0.008914672769606113,0.0019229883328080177,0.011865539476275444
135.0,-135.0,180.0,73,0.008808828890323639,0.008914672769606113,0.0019229883328080177,0.011865539476275444
-45.0,135.0,-90.0,73,0.008821380324661732,0.008283805102109909,0.003231255104765296,0.01599699817597866
135.0,45.0,90.0,73,0.008821380324661732,0.008283805102109909,0.003231255104765296,0.01599699817597866
135.0,-135.0,-180.0,73,0.008911537006497383,0.008972786366939545,0.0018723678076639771,0.011865539476275444
-45.0,-180.0,-135.0,73,0.008976390585303307,0.009472492150962353,0.0029333927668631077,0.011500289663672447
-45.0,180.0,-135.0,73,0.008976390585303307,0.009472492150962353,0.002933392534032464,0.011500289663672447
135.0,0.0,45.0,73,0.008976390585303307,0.009472492150962353,0.0029333927668631077,0.011500289663672447
-90.0,0.0,135.0,73,0.009267433546483517,0.00979106966406107,0.0027570913080126047,0.01626691408455372
90.0,-180.0,-45.0,73,0.009267433546483517,0.00979106966406107,0.0027570913080126047,0.01626691408455372
90.0,180.0,-45.0,73,0.009267433546483517,0.00979106966406107,0.0027570913080126047,0.01626691408455372
-45.0,-180.0,0.0,73,0.009359057992696762,0.008785084821283817,0.0030843336135149,0.013710607774555683
-45.0,180.0,0.0,73,0.009359057992696762,0.008785084821283817,0.0030843336135149,0.013710607774555683
135.0,0.0,180.0,73,0.009359057992696762,0.008785084821283817,0.0030843336135149,0.013710607774555683
135.0,0.0,-180.0,73,0.009371324442327023,0.008785069920122623,0.0030879657715559006,0.013710607774555683
-180.0,0.0,180.0,73,0.009431806392967701,0.008980334736406803,0.003212899435311556,0.01471906341612339
0.0,-180.0,0.0,73,0.009431806392967701,0.008980334736406803,0.003212899435311556,0.01471906341612339
0.0,180.0,0.0,73,0.009431806392967701,0.008980334736406803,0.003212899435311556,0.01471906341612339
180.0,0.0,180.0,73,0.009431806392967701,0.008980334736406803,0.003212899435311556,0.01471906341612339
-180.0,0.0,-180.0,73,0.009470121935009956,0.008995048701763153,0.0031926294323056936,0.01471906341612339
180.0,0.0,-180.0,73,0.009470121935009956,0.008995048701763153,0.0031926294323056936,0.01471906341612339
-180.0,-45.0,-135.0,73,0.009588032960891724,0.009113860316574574,0.0032467602286487818,0.011846452951431274
0.0,-135.0,45.0,73,0.009588032960891724,0.009113860316574574,0.0032467602286487818,0.011846452951431274
180.0,-45.0,-135.0,73,0.009588032960891724,0.009113860316574574,0.0032467602286487818,0.011846452951431274
-180.0,-135.0,135.0,73,0.009729662910103798,0.00951134692877531,0.0021562394686043262,0.013635197654366493
0.0,-45.0,-45.0,73,0.009729662910103798,0.00951134692877531,0.0021562394686043262,0.013635197654366493
180.0,-135.0,135.0,73,0.009729662910103798,0.00951134692877531,0.0021562394686043262,0.013635197654366493
-135.0,180.0,-180.0,73,0.009923337958753109,0.009758525528013706,0.003547642147168517,0.01239287294447422
-135.0,-180.0,-180.0,73,0.009938028641045094,0.009758560918271542,0.0035316317807883024,0.01239287294447422
-45.0,135.0,-45.0,73,0.009958258830010891,0.009550348855555058,0.0029862276278436184,0.017436187714338303
135.0,45.0,135.0,73,0.009958258830010891,0.009550348855555058,0.0029862276278436184,0.017436187714338303
-90.0,135.0,-135.0,73,0.009976142086088657,0.009563708677887917,0.003770682495087385,0.016870228573679924
90.0,45.0,45.0,73,0.009976142086088657,0.009563708677887917,0.003770682495087385,0.016870228573679924
-135.0,-180.0,180.0,73,0.010009080171585083,0.009758601896464825,0.0034603404346853495,0.01239287294447422
-135.0,180.0,180.0,73,0.010009080171585083,0.009758601896464825,0.0034603404346853495,0.01239287294447422
45.0,0.0,0.0,73,0.010009080171585083,0.009758601896464825,0.0034603404346853495,0.01239287294447422
-135.0,135.0,-135.0,73,0.010011937469244003,0.00967029295861721,0.0035164665896445513,0.01755663752555847
45.0,45.0,45.0,73,0.010011937469244003,0.00967029295861721,0.0035164665896445513,0.01755663752555847
-180.0,0.0,45.0,73,0.010074139572679996,0.010896611027419567,0.0030887306202203035,0.016176266595721245
0.0,-180.0,-135.0,73,0.010074139572679996,0.010896611027419567,0.0030887306202203035,0.016176266595721245
180.0,0.0,45.0,73,0.010074139572679996,0.010896611027419567,0.0030887306202203035,0.016176266595721245
0.0,180.0,-135.0,73,0.010074140504002571,0.010896611027419567,0.003088730853050947,0.016176266595721245
-135.0,-180.0,-45.0,73,0.010197515599429607,0.010460293851792812,0.0014435130869969726,0.013220075517892838
-135.0,180.0,-45.0,73,0.010197515599429607,0.010460293851792812,0.0014435130869969726,0.013220075517892838
45.0,0.0,135.0,73,0.010197515599429607,0.010460293851792812,0.0014435130869969726,0.013220075517892838
-180.0,45.0,135.0,73,0.010213612578809261,0.009819012135267258,0.003331168321892619,0.019091971218585968
0.0,135.0,-45.0,73,0.010213612578809261,0.009819012135267258,0.003331168321892619,0.019091971218585968
180.0,45.0,135.0,73,0.010213612578809261,0.009819012135267258,0.003331168321892619,0.019091971218585968
-135.0,135.0,-90.0,73,0.010557509027421474,0.010566183365881443,0.0029088810551911592,0.01811986230313778
45.0,45.0,90.0,73,0.010557509027421474,0.010566183365881443,0.0029088810551911592,0.01811986230313778
-180.0,45.0,90.0,73,0.010637521743774414,0.010770440101623535,0.0034894088748842478,0.019708218052983284
0.0,135.0,-90.0,73,0.010637521743774414,0.010770440101623535,0.0034894088748842478,0.019708218052983284
180.0,45.0,90.0,73,0.010637521743774414,0.010770440101623535,0.0034894088748842478,0.019708218052983284
-135.0,0.0,45.0,73,0.010737665928900242,0.011372950859367847,0.003001626580953598,0.019219741225242615
45.0,-180.0,-135.0,73,0.010737665928900242,0.011372950859367847,0.003001626580953598,0.019219741225242615
45.0,180.0,-135.0,73,0.010737665928900242,0.011372950859367847,0.003001626580953598,0.019219741225242615
-180.0,-180.0,-180.0,73,0.010864020325243473,0.011147481389343739,0.0034284302964806557,0.015720650553703308
-45.0,135.0,-135.0,73,0.010997025296092033,0.011568943969905376,0.0031899097375571728,0.019927693530917168
135.0,45.0,45.0,73,0.010997025296092033,0.011568943969905376,0.0031899097375571728,0.019927693530917168
-90.0,135.0,-45.0,73,0.010999101214110851,0.010916023515164852,0.0022004081401973963,0.019030189141631126
90.0,45.0,135.0,73,0.010999101214110851,0.010916023515164852,0.0022004081401973963,0.019030189141631126
-135.0,0.0,180.0,73,0.011000613681972027,0.011188194155693054,0.0030765701085329056,0.018497826531529427
45.0,-180.0,0.0,73,0.011000613681972027,0.011188194155693054,0.0030765701085329056,0.018497826531529427
45.0,180.0,0.0,73,0.011000613681972027,0.011188194155693054,0.0030765701085329056,0.018497826531529427
-135.0,0.0,-180.0,73,0.011010274291038513,0.01119029801338911,0.0030733540188521147,0.018497826531529427
-90.0,180.0,-180.0,73,0.011053727008402348,0.011150733567774296,0.003925189841538668,0.013523174449801445
-90.0,-180.0,0.0,73,0.01105443388223648,0.011098201386630535,0.002580017317086458,0.016063202172517776
-90.0,180.0,0.0,73,0.01105443388223648,0.011098201386630535,0.002580017317086458,0.016063202172517776
90.0,0.0,180.0,73,0.01105443388223648,0.011098201386630535,0.002580017317086458,0.016063202172517776
90.0,0.0,-180.0,73,0.011070065200328827,0.011098201386630535,0.0026080510579049587,0.016063202172517776
-90.0,-180.0,-180.0,73,0.01107829436659813,0.011150729842483997,0.0038937607314437628,0.013523174449801445
-90.0,-180.0,180.0,73,0.011090199463069439,0.011150666512548923,0.003877296345308423,0.013523174449801445
-90.0,180.0,180.0,73,0.011090199463069439,0.011150666512548923,0.003877296345308423,0.013523174449801445
90.0,0.0,0.0,73,0.011090199463069439,0.011150666512548923,0.003877296345308423,0.013523174449801445
-180.0,180.0,-180.0,73,0.011171177960932255,0.011208872310817242,0.003028550185263157,0.015720650553703308
180.0,180.0,-180.0,73,0.011171177960932255,0.011208872310817242,0.003028550185263157,0.015720650553703308
180.0,-180.0,-180.0,73,0.011198386549949646,0.01120880525559187,0.003005189122632146,0.015720650553703308
-180.0,-180.0,180.0,73,0.011252008378505707,0.011362246237695217,0.002963377395644784,0.015720650553703308
-180.0,180.0,180.0,73,0.011252008378505707,0.011362246237695217,0.002963377395644784,0.015720650553703308
0.0,0.0,0.0,73,0.011252008378505707,0.011362246237695217,0.002963377395644784,0.015720650553703308
180.0,-180.0,180.0,73,0.011252008378505707,0.011362246237695217,0.002963377395644784,0.015720650553703308
180.0,180.0,180.0,73,0.011252008378505707,0.011362246237695217,0.002963377395644784,0.015720650553703308
-45.0,0.0,135.0,73,0.011262504383921623,0.012080634944140911,0.0031215159688144922,0.017844486981630325
135.0,-180.0,-45.0,73,0.011262504383921623,0.012080634944140911,0.0031215159688144922,0.017844486981630325
135.0,180.0,-45.0,73,0.011262504383921623,0.012080634944140911,0.0031215159688144922,0.017844486981630325
-90.0,0.0,45.0,73,0.011557319201529026,0.012156563811004162,0.002597307786345482,0.018847886472940445
90.0,-180.0,-135.0,73,0.011557319201529026,0.012156563811004162,0.002597307786345482,0.018847886472940445
90.0,180.0,-135.0,73,0.011557319201529026,0.012156563811004162,0.002597307786345482,0.018847886472940445
-90.0,-45.0,0.0,73,0.011632016859948635,0.012240628711879253,0.0026492078322917223,0.01676524430513382
90.0,-135.0,180.0,73,0.011632016859948635,0.012240628711879253,0.0026492078322917223,0.01676524430513382
-90.0,-45.0,180.0,73,0.011652032844722271,0.012501497752964497,0.0032114379573613405,0.013629811815917492
90.0,-135.0,0.0,73,0.011652032844722271,0.012501497752964497,0.0032114379573613405,0.013629811815917492
90.0,-135.0,-180.0,73,0.011733662337064743,0.012261506170034409,0.002511975821107626,0.01676524430513382
-90.0,-45.0,-180.0,73,0.01176817063242197,0.012501499615609646,0.0030005101580172777,0.013629811815917492
-135.0,45.0,135.0,73,0.011948321014642715,0.01223344448953867,0.003701398614794016,0.02302759699523449
45.0,135.0,-45.0,73,0.011948321014642715,0.01223344448953867,0.003701398614794016,0.02302759699523449
-180.0,135.0,-135.0,73,0.012232856824994087,0.012199555523693562,0.003105347976088524,0.021584827452898026
0.0,45.0,45.0,73,0.012232856824994087,0.012199555523693562,0.003105347976088524,0.021584827452898026
180.0,135.0,-135.0,73,0.012232856824994087,0.012199555523693562,0.003105347976088524,0.021584827452898026
0.0,-135.0,-180.0,73,0.012237800285220146,0.01323629915714264,0.003308838000521064,0.01682230271399021
-180.0,-45.0,0.0,73,0.012253876775503159,0.013217401690781116,0.00326211703941226,0.01682230271399021
0.0,-135.0,180.0,73,0.012253876775503159,0.013217401690781116,0.00326211703941226,0.01682230271399021
180.0,-45.0,0.0,73,0.012253876775503159,0.013217401690781116,0.00326211703941226,0.01682230271399021
-180.0,-135.0,0.0,73,0.012329871766269207,0.012809637933969498,0.0021504636388272047,0.01674562692642212
0.0,-45.0,180.0,73,0.012329871766269207,0.012809637933969498,0.0021504636388272047,0.01674562692642212
180.0,-135.0,0.0,73,0.012329871766269207,0.012809637933969498,0.0021504636388272047,0.01674562692642212
0.0,-45.0,-180.0,73,0.012365368194878101,0.012789205648005009,0.0021180608309805393,0.01674562692642212
-45.0,180.0,-180.0,73,0.012557928450405598,0.013045314699411392,0.004030799027532339,0.018449438735842705
-45.0,-180.0,180.0,73,0.012567125260829926,0.013045132160186768,0.004009441006928682,0.018449438735842705
-45.0,180.0,180.0,73,0.012567125260829926,0.013045132160186768,0.004009441006928682,0.018449438735842705
135.0,0.0,0.0,73,0.012567125260829926,0.013045132160186768,0.004009441006928682,0.018449438735842705
-45.0,-180.0,-180.0,73,0.012577826157212257,0.013045229017734528,0.003994530998170376,0.018449438735842705
-180.0,-180.0,-45.0,73,0.012630326673388481,0.013399352319538593,0.0028663796838372946,0.016582444310188293
-180.0,180.0,-45.0,73,0.012630326673388481,0.013399352319538593,0.0028663796838372946,0.016582444310188293
0.0,0.0,135.0,73,0.012630326673388481,0.013399352319538593,0.0028663796838372946,0.016582444310188293
180.0,-180.0,-45.0,73,0.012630326673388481,0.013399352319538593,0.0028663796838372946,0.016582444310188293
180.0,180.0,-45.0,73,0.012630326673388481,0.013399352319538593,0.0028663796838372946,0.016582444310188293
-135.0,135.0,-180.0,73,0.01265846285969019,0.012938938103616238,0.0038644494488835335,0.02158048376441002
-135.0,135.0,180.0,73,0.012679997831583023,0.012938943691551685,0.003837875323370099,0.02158048376441002
45.0,45.0,0.0,73,0.012679997831583023,0.012938943691551685,0.003837875323370099,0.02158048376441002
-180.0,45.0,45.0,73,0.01281781680881977,0.013808603398501873,0.00327815068885684,0.024938007816672325
0.0,135.0,-135.0,73,0.01281781680881977,0.013808603398501873,0.00327815068885684,0.024938007816672325
180.0,45.0,45.0,73,0.01281781680881977,0.013808603398501873,0.00327815068885684,0.024938007816672325
-45.0,-180.0,45.0,73,0.012834683991968632,0.012787316925823689,0.0032182999420911074,0.020659754052758217
-45.0,180.0,45.0,73,0.012834683991968632,0.012787316925823689,0.0032182999420911074,0.020659754052758217
135.0,0.0,-135.0,73,0.012834683991968632,0.012787316925823689,0.0032182999420911074,0.020659754052758217
-180.0,45.0,-180.0,73,0.012903583236038685,0.013114634901285172,0.002956981537863612,0.023450246080756187
180.0,45.0,-180.0,73,0.012903583236038685,0.013114634901285172,0.002956981537863612,0.023450246080756187
-180.0,45.0,180.0,73,0.012925416231155396,0.013114626519382,0.0029222324956208467,0.023450246080756187
0.0,135.0,0.0,73,0.012925416231155396,0.013114626519382,0.0029222324956208467,0.023450246080756187
180.0,45.0,180.0,73,0.012925416231155396,0.013114626519382,0.0029222324956208467,0.023450246080756187
-135.0,45.0,90.0,73,0.013073503039777279,0.013759729452431202,0.003534642979502678,0.024298757314682007
45.0,135.0,-90.0,73,0.013073503039777279,0.013759729452431202,0.003534642979502678,0.024298757314682007
-90.0,135.0,-180.0,73,0.013078389689326286,0.013750066049396992,0.003661610186100006,0.022726714611053467
-180.0,-45.0,-90.0,73,0.01312736514955759,0.013946185819804668,0.003780391998589039,0.017239047214388847
0.0,-135.0,90.0,73,0.01312736514955759,0.013946185819804668,0.003780391998589039,0.017239047214388847
180.0,-45.0,-90.0,73,0.01312736514955759,0.013946185819804668,0.003780391998589039,0.017239047214388847
135.0,45.0,-180.0,73,0.013132219202816486,0.013284094631671906,0.002852486213669181,0.023402206599712372
-45.0,135.0,0.0,73,0.013160262256860733,0.01334561500698328,0.0028032532427459955,0.023402206599712372
135.0,45.0,180.0,73,0.013160262256860733,0.01334561500698328,0.0028032532427459955,0.023402206599712372
-90.0,135.0,180.0,73,0.013180933892726898,0.013754983432590961,0.003504769178107381,0.022726714611053467
90.0,45.0,0.0,73,0.013180933892726898,0.013754983432590961,0.003504769178107381,0.022726714611053467
-180.0,-135.0,90.0,73,0.013441124930977821,0.013433012180030346,0.0020576303359121084,0.019245460629463196
0.0,-45.0,-90.0,73,0.013441124930977821,0.013433012180030346,0.0020576303359121084,0.019245460629463196
180.0,-135.0,90.0,73,0.013441124930977821,0.013433012180030346,0.0020576303359121084,0.019245460629463196
-135.0,-45.0,0.0,73,0.013458249159157276,0.014474574476480484,0.003461899934336543,0.018818404525518417
45.0,-135.0,180.0,73,0.013458249159157276,0.014474574476480484,0.003461899934336543,0.018818404525518417
-180.0,135.0,-90.0,73,0.013496414758265018,0.013762135989964008,0.0027557993307709694,0.022710401564836502
0.0,45.0,90.0,73,0.013496414758265018,0.013762135989964008,0.0027557993307709694,0.022710401564836502
180.0,135.0,-90.0,73,0.013496414758265018,0.013762135989964008,0.0027557993307709694,0.022710401564836502
45.0,-135.0,-180.0,73,0.013538413681089878,0.014474588446319103,0.003327677259221673,0.018818404525518417
-90.0,-180.0,135.0,73,0.013586870394647121,0.013894026167690754,0.003741601714864373,0.019859369844198227
-90.0,180.0,135.0,73,0.013586870394647121,0.013894026167690754,0.003741601714864373,0.019859369844198227
90.0,0.0,-45.0,73,0.013586870394647121,0.013894026167690754,0.003741601714864373,0.019859369844198227
-90.0,0.0,180.0,73,0.013691453263163567,0.014269067905843258,0.0035167476162314415,0.022833354771137238
90.0,-180.0,0.0,73,0.013691453263163567,0.014269067905843258,0.0035167476162314415,0.022833354771137238
90.0,180.0,0.0,73,0.013691453263163567,0.014269067905843258,0.0035167476162314415,0.022833354771137238
-90.0,0.0,-180.0,73,0.013749781996011734,0.014269067905843258,0.003407785901799798,0.022833354771137238
-180.0,0.0,-135.0,73,0.01380356028676033,0.014175348915159702,0.0036253558937460184,0.0228287223726511
0.0,-180.0,45.0,73,0.01380356028676033,0.014175348915159702,0.0036253556609153748,0.0228287223726511
0.0,180.0,45.0,73,0.01380356028676033,0.014175348915159702,0.0036253556609153748,0.0228287223726511
180.0,0.0,-135.0,73,0.01380356028676033,0.014175348915159702,0.0036253558937460184,0.0228287223726511
-45.0,-45.0,180.0,73,0.013819213956594467,0.014637060463428497,0.002939137164503336,0.01670965924859047
135.0,-135.0,0.0,73,0.013819213956594467,0.014637060463428497,0.002939137164503336,0.01670965924859047
-45.0,-45.0,-180.0,73,0.01388020534068346,0.014636124484241009,0.0028366344049572945,0.01670965924859047
-135.0,45.0,-180.0,73,0.013907672837376595,0.014110942371189594,0.0034190912265330553,0.02589733712375164
-135.0,45.0,180.0,73,0.013909743167459965,0.014111298136413097,0.0034201995003968477,0.02589733712375164
45.0,135.0,0.0,73,0.013909743167459965,0.014111298136413097,0.0034201995003968477,0.02589733712375164
-180.0,-45.0,-45.0,73,0.013945195823907852,0.014876951463520527,0.003824568120762706,0.019300110638141632
0.0,-135.0,135.0,73,0.013945195823907852,0.014876951463520527,0.003824568120762706,0.019300110638141632
180.0,-45.0,-45.0,73,0.013945195823907852,0.014876951463520527,0.003824568120762706,0.019300110638141632
-135.0,-45.0,-135.0,73,0.013948059640824795,0.014479967765510082,0.004290648736059666,0.016894234344363213
45.0,-135.0,45.0,73,0.013948059640824795,0.014479967765510082,0.004290648736059666,0.016894234344363213
-135.0,-180.0,135.0,73,0.013984350487589836,0.01373229268938303,0.003274317365139723,0.019571522250771523
-135.0,180.0,135.0,73,0.013984350487589836,0.01373229268938303,0.003274317365139723,0.019571522250771523
45.0,0.0,-45.0,73,0.013984350487589836,0.01373229268938303,0.003274317365139723,0.019571522250771523
-180.0,135.0,-180.0,73,0.014037370681762695,0.014141152612864971,0.003552833339199424,0.024158474057912827
180.0,135.0,-180.0,73,0.014037370681762695,0.014141152612864971,0.003552833339199424,0.024158474057912827
-180.0,135.0,180.0,73,0.0140560083091259,0.014141158200800419,0.003536628093570471,0.024158474057912827
0.0,45.0,0.0,73,0.0140560083091259,0.014141158200800419,0.003536628093570471,0.024158474057912827
180.0,135.0,180.0,73,0.0140560083091259,0.014141158200800419,0.003536628093570471,0.024158474057912827
-90.0,45.0,135.0,73,0.014275070279836655,0.015115064568817616,0.0040062060579657555,0.026937633752822876
90.0,135.0,-45.0,73,0.014275070279836655,0.015115064568817616,0.0040062060579657555,0.026937633752822876
-180.0,-135.0,45.0,73,0.014281084761023521,0.014872856438159943,0.0024693228770047426,0.020533844828605652
0.0,-45.0,-135.0,73,0.014281084761023521,0.014872856438159943,0.0024693228770047426,0.020533844828605652
180.0,-135.0,45.0,73,0.014281084761023521,0.014872856438159943,0.0024693228770047426,0.020533844828605652
-135.0,90.0,-180.0,73,0.014323224313557148,0.014729495160281658,0.004082753788679838,0.027174213901162148
-180.0,90.0,135.0,73,0.01433099340647459,0.014729569666087627,0.004073888063430786,0.027174213901162148
-135.0,90.0,180.0,73,0.01433099340647459,0.014729569666087627,0.004073888063430786,0.027174213901162148
-90.0,90.0,-135.0,73,0.01433099340647459,0.014729569666087627,0.004073888063430786,0.027174213901162148
-45.0,90.0,-90.0,73,0.01433099340647459,0.014729569666087627,0.004073888063430786,0.027174213901162148
0.0,90.0,-45.0,73,0.01433099340647459,0.014729569666087627,0.004073888063430786,0.027174213901162148
45.0,90.0,0.0,73,0.01433099340647459,0.014729569666087627,0.004073888063430786,0.027174213901162148
90.0,90.0,45.0,73,0.01433099340647459,0.014729569666087627,0.004073888063430786,0.027174213901162148
135.0,90.0,90.0,73,0.01433099340647459,0.014729569666087627,0.004073888063430786,0.027174213901162148
180.0,90.0,135.0,73,0.01433099340647459,0.014729569666087627,0.004073888063430786,0.027174213901162148
-45.0,-45.0,-45.0,73,0.014368176460266113,0.01467041950672865,0.0027530048973858356,0.019611841067671776
135.0,-135.0,135.0,73,0.014368176460266113,0.01467041950672865,0.0027530048973858356,0.019611841067671776
-135.0,-180.0,0.0,73,0.014434592798352242,0.014755976386368275,0.002294133882969618,0.02039872668683529
-135.0,180.0,0.0,73,0.014434592798352242,0.014755976386368275,0.002294133882969618,0.02039872668683529
45.0,0.0,180.0,73,0.014434592798352242,0.014755976386368275,0.002294133882969618,0.02039872668683529
-90.0,-180.0,45.0,73,0.014484859071671963,0.014514823444187641,0.002768947510048747,0.021655438467860222
-90.0,180.0,45.0,73,0.014484859071671963,0.014514823444187641,0.002768947510048747,0.021655438467860222
90.0,0.0,-135.0,73,0.014484859071671963,0.014514823444187641,0.002768947510048747,0.021655438467860222
45.0,0.0,-180.0,73,0.014514674432575703,0.014777862466871738,0.0023123121354728937,0.02039872668683529
-180.0,0.0,0.0,73,0.014543069526553154,0.015592608600854874,0.004183150362223387,0.024285927414894104
0.0,-180.0,180.0,73,0.014543069526553154,0.015592608600854874,0.004183150362223387,0.024285927414894104
0.0,180.0,180.0,73,0.014543069526553154,0.015592608600854874,0.004183150362223387,0.024285927414894104
180.0,0.0,0.0,73,0.014543069526553154,0.015592608600854874,0.004183150362223387,0.024285927414894104
0.0,-180.0,-180.0,73,0.014548171311616898,0.01559266448020935,0.004175232257694006,0.024285927414894104
0.0,180.0,-180.0,73,0.014557799324393272,0.015592686831951141,0.004155428148806095,0.024285927414894104
-45.0,135.0,-180.0,73,0.014603915624320507,0.015448776073753834,0.0035998146049678326,0.026925725862383842
-45.0,135.0,180.0,73,0.014654491096735,0.015448878519237041,0.0035339517053216696,0.026925725862383842
135.0,45.0,0.0,73,0.014654491096735,0.015448878519237041,0.0035339517053216696,0.026925725862383842
-45.0,-180.0,135.0,73,0.014753194525837898,0.015487062744796276,0.004124186933040619,0.024010615423321724
-45.0,180.0,135.0,73,0.014753194525837898,0.015487062744796276,0.004124186933040619,0.024010615423321724
135.0,0.0,-45.0,73,0.014753194525837898,0.015487062744796276,0.004124186933040619,0.024010615423321724
-135.0,45.0,45.0,73,0.014872084371745586,0.015581482090055943,0.0031804190948605537,0.02896619588136673
45.0,135.0,-135.0,73,0.014872084371745586,0.015581482090055943,0.0031804190948605537,0.02896619588136673
-135.0,135.0,-45.0,73,0.014959350228309631,0.01495156716555357,0.0022321019787341356,0.022940225899219513
45.0,45.0,135.0,73,0.014959350228309631,0.01495156716555357,0.0022321019787341356,0.022940225899219513
-45.0,-180.0,90.0,73,0.014971676282584667,0.015512277372181416,0.0036409059539437294,0.024926157668232918
-45.0,180.0,90.0,73,0.014971676282584667,0.015512277372181416,0.0036409059539437294,0.024926157668232918
135.0,0.0,-90.0,73,0.014971676282584667,0.015512277372181416,0.0036409059539437294,0.024926157668232918
-180.0,90.0,180.0,73,0.014989332295954227,0.015007453970611095,0.00365768326446414,0.027360180392861366
-135.0,90.0,-135.0,73,0.014989332295954227,0.015007453970611095,0.00365768326446414,0.027360180392861366
-90.0,90.0,-90.0,73,0.014989332295954227,0.015007453970611095,0.00365768326446414,0.027360180392861366
-45.0,90.0,-45.0,73,0.014989332295954227,0.015007453970611095,0.00365768326446414,0.027360180392861366
0.0,90.0,0.0,73,0.014989332295954227,0.015007453970611095,0.00365768326446414,0.027360180392861366
45.0,90.0,45.0,73,0.014989332295954227,0.015007453970611095,0.00365768326446414,0.027360180392861366
90.0,90.0,90.0,73,0.014989332295954227,0.015007453970611095,0.00365768326446414,0.027360180392861366
135.0,90.0,135.0,73,0.014989332295954227,0.015007453970611095,0.00365768326446414,0.027360180392861366
180.0,90.0,180.0,73,0.014989332295954227,0.015007453970611095,0.00365768326446414,0.027360180392861366
-90.0,45.0,90.0,73,0.015013402327895164,0.015798814594745636,0.0035367882810533047,0.027079541236162186
90.0,135.0,-90.0,73,0.015013402327895164,0.015798814594745636,0.0035367882810533047,0.027079541236162186
90.0,45.0,-180.0,73,0.015033372677862644,0.015402436256408691,0.0024735971819609404,0.025781357660889626
-180.0,90.0,-180.0,73,0.015035460703074932,0.015007453970611095,0.003611196530982852,0.027360180392861366
180.0,90.0,-180.0,73,0.015035460703074932,0.015007453970611095,0.003611196530982852,0.027360180392861366
-90.0,135.0,0.0,73,0.015070481225848198,0.015402366407215595,0.0024106756318360567,0.025781357660889626
90.0,45.0,180.0,73,0.015070481225848198,0.015402366407215595,0.0024106756318360567,0.025781357660889626
-90.0,-180.0,90.0,73,0.015207136981189251,0.015635540708899498,0.003606518032029271,0.023227863013744354
-90.0,180.0,90.0,73,0.015207136981189251,0.015635540708899498,0.003606518032029271,0.023227863013744354
90.0,0.0,-90.0,73,0.015207136981189251,0.015635540708899498,0.003606518032029271,0.023227863013744354
-180.0,90.0,90.0,73,0.015347305685281754,0.016099464148283005,0.004244948737323284,0.029265832155942917
-135.0,90.0,135.0,73,0.015347305685281754,0.016099464148283005,0.004244948737323284,0.029265832155942917
-90.0,90.0,180.0,73,0.015347305685281754,0.016099464148283005,0.004244948737323284,0.029265832155942917
-45.0,90.0,-135.0,73,0.015347305685281754,0.016099464148283005,0.004244948737323284,0.029265832155942917
0.0,90.0,-90.0,73,0.015347305685281754,0.016099464148283005,0.004244948737323284,0.029265832155942917
45.0,90.0,-45.0,73,0.015347305685281754,0.016099464148283005,0.004244948737323284,0.029265832155942917
90.0,90.0,0.0,73,0.015347305685281754,0.016099464148283005,0.004244948737323284,0.029265832155942917
135.0,90.0,45.0,73,0.015347305685281754,0.016099464148283005,0.004244948737323284,0.029265832155942917
180.0,90.0,90.0,73,0.015347305685281754,0.016099464148283005,0.004244948737323284,0.029265832155942917
-90.0,90.0,-180.0,73,0.015348403714597225,0.01610024832189083,0.004245712421834469,0.029265832155942917
-45.0,45.0,90.0,73,0.015375026501715183,0.016063636168837547,0.0030577813740819693,0.026421621441841125
135.0,135.0,-90.0,73,0.015375026501715183,0.016063636168837547,0.0030577813740819693,0.026421621441841125
-90.0,45.0,180.0,73,0.015406912192702293,0.016116032376885414,0.004199777264147997,0.02931000478565693
90.0,135.0,0.0,73,0.015406912192702293,0.016116032376885414,0.004199777264147997,0.02931000478565693
-90.0,45.0,-180.0,73,0.015416372567415237,0.016118036583065987,0.0041852728463709354,0.02931000478565693
-45.0,0.0,0.0,73,0.015609491616487503,0.015258501283824444,0.002747796941548586,0.021557137370109558
135.0,-180.0,180.0,73,0.015609491616487503,0.015258501283824444,0.002747796941548586,0.021557137370109558
135.0,180.0,180.0,73,0.015609491616487503,0.015258501283824444,0.002747796941548586,0.021557137370109558
135.0,-180.0,-180.0,73,0.015611914917826653,0.015295763500034809,0.0027500519063323736,0.021557137370109558
135.0,180.0,-180.0,73,0.015615311451256275,0.015258383937180042,0.0027408578898757696,0.021557137370109558
-45.0,45.0,45.0,73,0.01566052995622158,0.015940610319375992,0.0028980004135519266,0.026595139876008034
135.0,135.0,-135.0,73,0.01566052995622158,0.015940610319375992,0.0028980004135519266,0.026595139876008034
45.0,-180.0,-180.0,73,0.016242973506450653,0.017437713220715523,0.004201709758490324,0.027613701298832893
-135.0,0.0,0.0,73,0.016245296224951744,0.017437713220715523,0.004196598194539547,0.027613701298832893
45.0,-180.0,180.0,73,0.016245296224951744,0.017437713220715523,0.004196598194539547,0.027613701298832893
45.0,180.0,180.0,73,0.016245296224951744,0.017437713220715523,0.004196598194539547,0.027613701298832893
45.0,180.0,-180.0,73,0.01628602296113968,0.01743771880865097,0.004119624849408865,0.027613701298832893
-135.0,135.0,135.0,73,0.016290605068206787,0.017164522781968117,0.003434065030887723,0.02783428132534027
45.0,45.0,-45.0,73,0.016290605068206787,0.017164522781968117,0.003434065030887723,0.02783428132534027
-135.0,0.0,-135.0,73,0.016321519389748573,0.01733293943107128,0.0040233856998384,0.026891790330410004
45.0,-180.0,45.0,73,0.016321519389748573,0.01733293943107128,0.0040233856998384,0.026891790330410004
45.0,180.0,45.0,73,0.016321519389748573,0.01733293943107128,0.0040233856998384,0.026891790330410004
0.0,135.0,-180.0,73,0.016505273059010506,0.017533354461193085,0.003933980129659176,0.03171779215335846
-180.0,45.0,0.0,73,0.01652071438729763,0.017533548176288605,0.0039243437349796295,0.03171779215335846
0.0,135.0,180.0,73,0.01652071438729763,0.017533548176288605,0.0039243437349796295,0.03171779215335846
180.0,45.0,0.0,73,0.01652071438729763,0.017533548176288605,0.0039243437349796295,0.03171779215335846
-45.0,45.0,135.0,73,0.016530152410268784,0.017349502071738243,0.0037716461811214685,0.02853163704276085
135.0,135.0,-45.0,73,0.016530152410268784,0.017349502071738243,0.0037716461811214685,0.02853163704276085
-45.0,0.0,180.0,73,0.016530552878975868,0.01731213368475437,0.0038436432369053364,0.025185948237776756
135.0,-180.0,0.0,73,0.016530552878975868,0.01731213368475437,0.0038436432369053364,0.025185948237776756
135.0,180.0,0.0,73,0.016530552878975868,0.01731213368475437,0.0038436432369053364,0.025185948237776756
-90.0,135.0,135.0,73,0.016560429707169533,0.017275119200348854,0.0033212986309081316,0.029477883130311966
90.0,45.0,-45.0,73,0.016560429707169533,0.017275119200348854,0.0033212986309081316,0.029477883130311966
-180.0,135.0,135.0,73,0.01662379689514637,0.017239214852452278,0.0034595748875290155,0.02892374061048031
0.0,45.0,-45.0,73,0.01662379689514637,0.017239214852452278,0.0034595748875290155,0.02892374061048031
180.0,135.0,135.0,73,0.01662379689514637,0.017239214852452278,0.0034595748875290155,0.02892374061048031
-180.0,45.0,-135.0,73,0.016624106094241142,0.017352918162941933,0.003411513054743409,0.030230028554797173
0.0,135.0,45.0,73,0.016624106094241142,0.017352918162941933,0.003411513054743409,0.030230028554797173
180.0,45.0,-135.0,73,0.016624106094241142,0.017352918162941933,0.003411513054743409,0.030230028554797173
-135.0,-180.0,90.0,73,0.016639361158013344,0.017008734866976738,0.0032783348578959703,0.024889877066016197
-135.0,180.0,90.0,73,0.016639361158013344,0.017008734866976738,0.0032783348578959703,0.024889877066016197
45.0,0.0,-90.0,73,0.016639361158013344,0.017008734866976738,0.0032783348578959703,0.024889877066016197
90.0,-180.0,-180.0,73,0.01664811745285988,0.017129594460129738,0.003570535685867071,0.026483401656150818
90.0,180.0,-180.0,73,0.01666109263896942,0.017129594460129738,0.0035514209885150194,0.026483401656150818
-90.0,0.0,0.0,73,0.016661835834383965,0.017129594460129738,0.0035497494973242283,0.026483401656150818
90.0,-180.0,180.0,73,0.016661835834383965,0.017129594460129738,0.0035497494973242283,0.026483401656150818
90.0,180.0,180.0,73,0.016661835834383965,0.017129594460129738,0.0035497494973242283,0.026483401656150818
-45.0,0.0,-180.0,73,0.016674773767590523,0.01731271483004093,0.003569345222786069,0.025185948237776756
-180.0,0.0,-90.0,73,0.01679084077477455,0.017823224887251854,0.004033965524286032,0.028989922255277634
0.0,-180.0,90.0,73,0.01679084077477455,0.017823224887251854,0.004033965524286032,0.028989922255277634
0.0,180.0,90.0,73,0.01679084077477455,0.017823224887251854,0.004033965524286032,0.028989922255277634
180.0,0.0,-90.0,73,0.01679084077477455,0.017823224887251854,0.004033965524286032,0.028989922255277634
-45.0,135.0,45.0,73,0.016800962388515472,0.017222901806235313,0.0029821505304425955,0.030400237068533897
135.0,45.0,-135.0,73,0.016800962388515472,0.017222901806235313,0.0029821505304425955,0.030400237068533897
-180.0,135.0,-45.0,73,0.016859397292137146,0.01734086126089096,0.0029205838218331337,0.026875851675868034
0.0,45.0,135.0,73,0.016859397292137146,0.01734086126089096,0.0029205838218331337,0.026875851675868034
180.0,135.0,-45.0,73,0.016859397292137146,0.01734086126089096,0.0029205838218331337,0.026875851675868034
-180.0,-180.0,135.0,73,0.017105260863900185,0.016942255198955536,0.0028321894351392984,0.02331569418311119
-180.0,180.0,135.0,73,0.017105260863900185,0.016942255198955536,0.0028321894351392984,0.02331569418311119
0.0,0.0,-45.0,73,0.017105260863900185,0.016942255198955536,0.0028321894351392984,0.02331569418311119
180.0,-180.0,135.0,73,0.017105260863900185,0.016942255198955536,0.0028321894351392984,0.02331569418311119
180.0,180.0,135.0,73,0.017105260863900185,0.016942255198955536,0.0028321894351392984,0.02331569418311119
-90.0,-45.0,-135.0,73,0.017149223014712334,0.0186053104698658,0.00451968889683485,0.02152957394719124
90.0,-135.0,45.0,73,0.017149223014712334,0.0186053104698658,0.00451968889683485,0.02152957394719124
-45.0,90.0,-180.0,73,0.017177633941173553,0.017951907590031624,0.004001436289399862,0.03240979090332985
-180.0,90.0,45.0,73,0.017192034050822258,0.017951911315321922,0.003967197146266699,0.03240979090332985
-135.0,90.0,90.0,73,0.017192034050822258,0.017951911315321922,0.003967197146266699,0.03240979090332985
-90.0,90.0,135.0,73,0.017192034050822258,0.017951911315321922,0.003967197146266699,0.03240979090332985
-45.0,90.0,180.0,73,0.017192034050822258,0.017951911315321922,0.003967197146266699,0.03240979090332985
0.0,90.0,-135.0,73,0.017192034050822258,0.017951911315321922,0.003967197146266699,0.03240979090332985
45.0,90.0,-90.0,73,0.017192034050822258,0.017951911315321922,0.003967197146266699,0.03240979090332985
90.0,90.0,-45.0,73,0.017192034050822258,0.017951911315321922,0.003967197146266699,0.03240979090332985
135.0,90.0,0.0,73,0.017192034050822258,0.017951911315321922,0.003967197146266699,0.03240979090332985
180.0,90.0,45.0,73,0.017192034050822258,0.017951911315321922,0.003967197146266699,0.03240979090332985
-135.0,-180.0,45.0,73,0.01731860265135765,0.01742352358996868,0.0024583633057773113,0.02523251809179783
-135.0,180.0,45.0,73,0.01731860265135765,0.01742352358996868,0.0024583633057773113,0.02523251809179783
45.0,0.0,-135.0,73,0.01731860265135765,0.01742352358996868,0.002458363538607955,0.02523251809179783
-180.0,0.0,-45.0,73,0.017327407374978065,0.018553609028458595,0.004466117359697819,0.029593516141176224
0.0,-180.0,135.0,73,0.017327407374978065,0.018553609028458595,0.004466117359697819,0.029593516141176224
0.0,180.0,135.0,73,0.017327407374978065,0.018553609028458595,0.004466117359697819,0.029593516141176224
180.0,0.0,-45.0,73,0.017327407374978065,0.018553609028458595,0.004466117359697819,0.029593516141176224
-45.0,45.0,0.0,73,0.017348220571875572,0.017452040687203407,0.003207094967365265,0.028950538486242294
135.0,135.0,180.0,73,0.017348220571875572,0.017452040687203407,0.003207094967365265,0.028950538486242294
-135.0,45.0,-135.0,73,0.01736442930996418,0.018146159127354622,0.003214789554476738,0.031226925551891327
45.0,135.0,45.0,73,0.01736442930996418,0.018146159127354622,0.003214789554476738,0.031226925551891327
135.0,135.0,-180.0,73,0.017374316230416298,0.017452044412493706,0.0031886696815490723,0.028950538486242294
-45.0,135.0,135.0,73,0.017477937042713165,0.018552973866462708,0.003902376862242818,0.03289174288511276
135.0,45.0,-45.0,73,0.017477937042713165,0.018552973866462708,0.003902376862242818,0.03289174288511276
-90.0,45.0,-135.0,73,0.01768569089472294,0.01855909824371338,0.003806621301919222,0.03280695155262947
90.0,135.0,45.0,73,0.01768569089472294,0.01855909824371338,0.003806621301919222,0.03280695155262947
-45.0,45.0,180.0,73,0.01773051731288433,0.018756598234176636,0.004103845451027155,0.03168915584683418
135.0,135.0,0.0,73,0.01773051731288433,0.018756598234176636,0.004103845451027155,0.03168915584683418
-45.0,45.0,-180.0,73,0.01775713823735714,0.01876579411327839,0.004057538229972124,0.03168915584683418
-45.0,-45.0,-135.0,73,0.0177950169891119,0.018697017803788185,0.00393463671207428,0.023037148639559746
135.0,-135.0,45.0,73,0.0177950169891119,0.018697017803788185,0.00393463671207428,0.023037148639559746
-180.0,-180.0,0.0,73,0.01780015230178833,0.018159018829464912,0.0026039397343993187,0.024177491664886475
-180.0,180.0,0.0,73,0.01780015230178833,0.018159018829464912,0.0026039397343993187,0.024177491664886475
0.0,0.0,180.0,73,0.01780015230178833,0.018159018829464912,0.0026039397343993187,0.024177491664886475
180.0,-180.0,0.0,73,0.01780015230178833,0.018159018829464912,0.0026039397343993187,0.024177491664886475
180.0,180.0,0.0,73,0.01780015230178833,0.018159018829464912,0.0026039397343993187,0.024177491664886475
-135.0,-45.0,-90.0,73,0.01785128191113472,0.019367309287190437,0.005035356152802706,0.022820519283413887
45.0,-135.0,90.0,73,0.01785128191113472,0.019367309287190437,0.005035356152802706,0.022820519283413887
-135.0,-45.0,-45.0,73,0.017906539142131805,0.01973980851471424,0.004804987460374832,0.023617537692189217
45.0,-135.0,135.0,73,0.017906539142131805,0.01973980851471424,0.004804987460374832,0.023617537692189217
-90.0,-45.0,-45.0,73,0.017908604815602303,0.01898687332868576,0.004049825482070446,0.023746659979224205
90.0,-135.0,135.0,73,0.017908604815602303,0.01898687332868576,0.004049825482070446,0.023746659979224205
-90.0,45.0,45.0,73,0.01792627014219761,0.01819498836994171,0.003009842010214925,0.02965259924530983
90.0,135.0,-135.0,73,0.01792627014219761,0.01819498836994171,0.003009842010214925,0.02965259924530983
0.0,0.0,-180.0,73,0.017957765609025955,0.018159018829464912,0.0023092327173799276,0.024177491664886475
135.0,90.0,-180.0,73,0.01807478629052639,0.017786046490073204,0.0031836305279284716,0.02971479296684265
-90.0,135.0,90.0,73,0.018087606877088547,0.018737660720944405,0.0032508354634046555,0.033168990164995193
90.0,45.0,-90.0,73,0.018087606877088547,0.018737660720944405,0.0032508354634046555,0.033168990164995193
-180.0,90.0,-135.0,73,0.018093066290020943,0.017785854637622833,0.0031538086477667093,0.02971479296684265
-135.0,90.0,-90.0,73,0.018093066290020943,0.017785854637622833,0.0031538086477667093,0.02971479296684265
-90.0,90.0,-45.0,73,0.018093066290020943,0.017785854637622833,0.0031538086477667093,0.02971479296684265
-45.0,90.0,0.0,73,0.018093066290020943,0.017785854637622833,0.0031538086477667093,0.02971479296684265
0.0,90.0,45.0,73,0.018093066290020943,0.017785854637622833,0.0031538086477667093,0.02971479296684265
45.0,90.0,90.0,73,0.018093066290020943,0.017785854637622833,0.0031538086477667093,0.02971479296684265
90.0,90.0,135.0,73,0.018093066290020943,0.017785854637622833,0.0031538086477667093,0.02971479296684265
135.0,90.0,180.0,73,0.018093066290020943,0.017785854637622833,0.0031538086477667093,0.02971479296684265
180.0,90.0,-135.0,73,0.018093066290020943,0.017785854637622833,0.0031538086477667093,0.02971479296684265
-135.0,135.0,0.0,73,0.018381750211119652,0.01817147620022297,0.0017421975499019027,0.029194025322794914
45.0,45.0,180.0,73,0.018381750211119652,0.01817147620022297,0.0017421975499019027,0.029194025322794914
45.0,45.0,-180.0,73,0.01838528923690319,0.018171826377511024,0.001754910103045404,0.029194025322794914
-90.0,135.0,45.0,73,0.0184010062366724,0.018633104860782623,0.0025060870684683323,0.03163784369826317
90.0,45.0,-135.0,73,0.0184010062366724,0.018633104860782623,0.0025060870684683323,0.03163784369826317
-45.0,-45.0,-90.0,73,0.01840156316757202,0.019340626895427704,0.003706893650814891,0.024239270016551018
135.0,-135.0,90.0,73,0.01840156316757202,0.019340626895427704,0.003706893650814891,0.024239270016551018
45.0,135.0,-180.0,73,0.018429389223456383,0.019250182434916496,0.003836850170046091,0.03429578244686127
-135.0,45.0,0.0,73,0.01843329519033432,0.01925021968781948,0.0038302463945001364,0.03429578244686127
45.0,135.0,180.0,73,0.01843329519033432,0.01925021968781948,0.0038302463945001364,0.03429578244686127
-45.0,135.0,90.0,73,0.018691418692469597,0.019478190690279007,0.00337079050950706,0.034330934286117554
135.0,45.0,-90.0,73,0.018691418692469597,0.019478190690279007,0.00337079050950706,0.034330934286117554
-45.0,45.0,-45.0,73,0.018738966435194016,0.019420944154262543,0.0032303333282470703,0.032108061015605927
135.0,135.0,135.0,73,0.018738966435194016,0.019420944154262543,0.0032303333282470703,0.032108061015605927
-45.0,45.0,-135.0,73,0.01876353845000267,0.019828813150525093,0.0039371587336063385,0.03404455631971359
135.0,135.0,45.0,73,0.01876353845000267,0.019828813150525093,0.0039371587336063385,0.03404455631971359
-180.0,90.0,0.0,73,0.018804213032126427,0.019236234948039055,0.00256856856867671,0.03476440906524658
-135.0,90.0,45.0,73,0.018804213032126427,0.019236234948039055,0.00256856856867671,0.03476440906524658
-90.0,90.0,90.0,73,0.018804213032126427,0.019236234948039055,0.00256856856867671,0.03476440906524658
-45.0,90.0,135.0,73,0.018804213032126427,0.019236234948039055,0.00256856856867671,0.03476440906524658
0.0,90.0,180.0,73,0.018804213032126427,0.019236234948039055,0.00256856856867671,0.03476440906524658
45.0,90.0,-135.0,73,0.018804213032126427,0.019236234948039055,0.00256856856867671,0.03476440906524658
90.0,90.0,-90.0,73,0.018804213032126427,0.019236234948039055,0.00256856856867671,0.03476440906524658
135.0,90.0,-45.0,73,0.018804213032126427,0.019236234948039055,0.00256856856867671,0.03476440906524658
180.0,90.0,0.0,73,0.018804213032126427,0.019236234948039055,0.00256856856867671,0.03476440906524658
0.0,90.0,-180.0,73,0.018811505287885666,0.019236234948039055,0.002550450386479497,0.03476440906524658
90.0,90.0,-180.0,73,0.01897655427455902,0.019084507599473,0.002387956017628312,0.03285875543951988
-180.0,135.0,90.0,73,0.019008934497833252,0.020174674689769745,0.0034834975376725197,0.03308918699622154
0.0,45.0,-90.0,73,0.019008934497833252,0.020174674689769745,0.0034834975376725197,0.03308918699622154
180.0,135.0,90.0,73,0.019008934497833252,0.020174674689769745,0.0034834975376725197,0.03308918699622154
-180.0,90.0,-90.0,73,0.01902187429368496,0.01908423937857151,0.002333269687369466,0.03285875543951988
-135.0,90.0,-45.0,73,0.01902187429368496,0.01908423937857151,0.002333269687369466,0.03285875543951988
-90.0,90.0,0.0,73,0.01902187429368496,0.01908423937857151,0.002333269687369466,0.03285875543951988
-45.0,90.0,45.0,73,0.01902187429368496,0.01908423937857151,0.002333269687369466,0.03285875543951988
0.0,90.0,90.0,73,0.01902187429368496,0.01908423937857151,0.002333269687369466,0.03285875543951988
45.0,90.0,135.0,73,0.01902187429368496,0.01908423937857151,0.002333269687369466,0.03285875543951988
90.0,90.0,180.0,73,0.01902187429368496,0.01908423937857151,0.002333269687369466,0.03285875543951988
135.0,90.0,-135.0,73,0.01902187429368496,0.01908423937857151,0.002333269687369466,0.03285875543951988
180.0,90.0,-90.0,73,0.01902187429368496,0.01908423937857151,0.002333269687369466,0.03285875543951988
-90.0,0.0,-135.0,73,0.019079675897955894,0.02001473493874073,0.0036846757866442204,0.030468866229057312
90.0,-180.0,45.0,73,0.019079675897955894,0.02001473493874073,0.0036846757866442204,0.030468866229057312
90.0,180.0,45.0,73,0.019079675897955894,0.02001473493874073,0.0036846757866442204,0.030468866229057312
-45.0,45.0,-90.0,73,0.019192861393094063,0.02022017352283001,0.003452327800914645,0.03421807661652565
135.0,135.0,90.0,73,0.019192861393094063,0.02022017352283001,0.003452327800914645,0.03421807661652565
-180.0,45.0,-90.0,73,0.019235379993915558,0.02009318582713604,0.0034516151063144207,0.035459816455841064
0.0,135.0,90.0,73,0.019235379993915558,0.02009318582713604,0.0034516151063144207,0.035459816455841064
180.0,45.0,-90.0,73,0.019235379993915558,0.02009318582713604,0.0034516151063144207,0.035459816455841064
-135.0,135.0,90.0,73,0.019252069294452667,0.019314559176564217,0.002031634794548154,0.032654643058776855
45.0,45.0,-90.0,73,0.019252069294452667,0.019314559176564217,0.002031634794548154,0.032654643058776855
-180.0,45.0,-45.0,73,0.019346240907907486,0.02017492987215519,0.004045219626277685,0.03607606515288353
0.0,135.0,135.0,73,0.019346240907907486,0.02017492987215519,0.004045219626277685,0.03607606515288353
180.0,45.0,-45.0,73,0.019346240907907486,0.02017492987215519,0.004045219626277685,0.03607606515288353
-180.0,135.0,0.0,73,0.019359001889824867,0.01986892893910408,0.003232573624700308,0.03164111450314522
0.0,45.0,180.0,73,0.019359001889824867,0.01986892893910408,0.003232573624700308,0.03164111450314522
180.0,135.0,0.0,73,0.019359001889824867,0.01986892893910408,0.003232573624700308,0.03164111450314522
-135.0,0.0,-90.0,73,0.01939060352742672,0.02041415311396122,0.004438447766005993,0.0330386608839035
45.0,-180.0,90.0,73,0.01939060352742672,0.02041415311396122,0.004438447766005993,0.0330386608839035
45.0,180.0,90.0,73,0.01939060352742672,0.02041415311396122,0.004438447766005993,0.0330386608839035
-90.0,-45.0,-90.0,73,0.019413957372307777,0.020762620493769646,0.0049506197683513165,0.025720108300447464
90.0,-135.0,90.0,73,0.019413957372307777,0.020762620493769646,0.0049506197683513165,0.025720108300447464
-135.0,135.0,45.0,73,0.01947636529803276,0.019389456138014793,0.00195364560931921,0.033217865973711014
45.0,45.0,-135.0,73,0.01947636529803276,0.019389456138014793,0.00195364560931921,0.033217865973711014
0.0,45.0,-180.0,73,0.019590983167290688,0.019869694486260414,0.002886144444346428,0.03164111450314522
-180.0,90.0,-45.0,73,0.01960749737918377,0.019789662212133408,0.002519058994948864,0.0349503755569458
-135.0,90.0,0.0,73,0.01960749737918377,0.019789662212133408,0.002519058994948864,0.0349503755569458
-90.0,90.0,45.0,73,0.01960749737918377,0.019789662212133408,0.002519058994948864,0.0349503755569458
-45.0,90.0,90.0,73,0.01960749737918377,0.019789662212133408,0.002519058994948864,0.0349503755569458
0.0,90.0,135.0,73,0.01960749737918377,0.019789662212133408,0.002519058994948864,0.0349503755569458
45.0,90.0,180.0,73,0.01960749737918377,0.019789662212133408,0.002519058994948864,0.0349503755569458
90.0,90.0,-135.0,73,0.01960749737918377,0.019789662212133408,0.002519058994948864,0.0349503755569458
135.0,90.0,-90.0,73,0.01960749737918377,0.019789662212133408,0.002519058994948864,0.0349503755569458
180.0,90.0,-45.0,73,0.01960749737918377,0.019789662212133408,0.002519058994948864,0.0349503755569458
45.0,90.0,-180.0,73,0.019611256197094917,0.019789662212133408,0.0025107578840106726,0.0349503755569458
-180.0,-180.0,90.0,73,0.019906051456928253,0.019728833809494972,0.002321421867236495,0.028938617557287216
-180.0,180.0,90.0,73,0.019906051456928253,0.019728833809494972,0.002321421867236495,0.028938617557287216
0.0,0.0,-90.0,73,0.019906051456928253,0.019728833809494972,0.002321421867236495,0.028938617557287216
180.0,-180.0,90.0,73,0.019906051456928253,0.019728833809494972,0.002321421867236495,0.028938617557287216
180.0,180.0,90.0,73,0.019906051456928253,0.019728833809494972,0.002321421867236495,0.028938617557287216
-135.0,45.0,-90.0,73,0.01995515078306198,0.020596789196133614,0.0037582304794341326,0.03589436411857605
45.0,135.0,90.0,73,0.01995515078306198,0.020596789196133614,0.0037582304794341326,0.03589436411857605
-135.0,0.0,-45.0,73,0.019983237609267235,0.020978113636374474,0.004420722369104624,0.03333768621087074
45.0,-180.0,135.0,73,0.019983237609267235,0.020978113636374474,0.004420722369104624,0.03333768621087074
45.0,180.0,135.0,73,0.019983237609267235,0.020978113636374474,0.004420722369104624,0.03333768621087074
-45.0,0.0,-45.0,73,0.020040353760123253,0.020109450444579124,0.0030537908896803856,0.02889859490096569
135.0,-180.0,135.0,73,0.020040353760123253,0.020109450444579124,0.0030537908896803856,0.02889859490096569
135.0,180.0,135.0,73,0.020040353760123253,0.020109450444579124,0.0030537908896803856,0.02889859490096569
90.0,135.0,-180.0,73,0.020081067457795143,0.020301656797528267,0.0034129484556615353,0.03314955160021782
-90.0,45.0,0.0,73,0.020083077251911163,0.020301654934883118,0.003408030839636922,0.03314955160021782
90.0,135.0,180.0,73,0.020083077251911163,0.020301654934883118,0.003408030839636922,0.03314955160021782
-180.0,135.0,45.0,73,0.020109811797738075,0.020604973658919334,0.003550309455022216,0.03421476483345032
0.0,45.0,-135.0,73,0.020109811797738075,0.020604973658919334,0.003550309455022216,0.03421476483345032
180.0,135.0,45.0,73,0.020109811797738075,0.020604973658919334,0.003550309455022216,0.03421476483345032
-180.0,-180.0,45.0,73,0.020582040771842003,0.020655544474720955,0.002252457430586219,0.029295584186911583
-180.0,180.0,45.0,73,0.020582040771842003,0.020655544474720955,0.002252457430586219,0.029295584186911583
0.0,0.0,-135.0,73,0.020582040771842003,0.020655544474720955,0.002252457430586219,0.029295584186911583
180.0,-180.0,45.0,73,0.020582040771842003,0.020655544474720955,0.002252457430586219,0.029295584186911583
180.0,180.0,45.0,73,0.020582040771842003,0.020655544474720955,0.002252457430586219,0.029295584186911583
-135.0,45.0,-45.0,73,0.02084742672741413,0.02138386107981205,0.0033632039558142424,0.037165526300668716
45.0,135.0,135.0,73,0.02084742672741413,0.02138386107981205,0.0033632039558142424,0.037165526300668716
-90.0,45.0,-90.0,73,0.020865781232714653,0.021257661283016205,0.0028031766414642334,0.03538001328706741
90.0,135.0,90.0,73,0.020865781232714653,0.021257661283016205,0.0028031766414642334,0.03538001328706741
-45.0,0.0,-135.0,73,0.021153582260012627,0.021791106089949608,0.0029371408745646477,0.03146455064415932
135.0,-180.0,45.0,73,0.021153582260012627,0.021791106089949608,0.0029371408745646477,0.03146455064415932
135.0,180.0,45.0,73,0.021153582260012627,0.021791106089949608,0.0029371408745646477,0.03146455064415932
-90.0,45.0,-45.0,73,0.02144206315279007,0.02178056724369526,0.0033305624965578318,0.03552192077040672
90.0,135.0,135.0,73,0.02144206315279007,0.02178056724369526,0.0033305624965578318,0.03552192077040672
-90.0,0.0,-45.0,73,0.021457970142364502,0.02198708988726139,0.003862075274810195,0.03304984048008919
90.0,-180.0,135.0,73,0.021457970142364502,0.02198708988726139,0.003862075274810195,0.03304984048008919
90.0,180.0,135.0,73,0.021457970142364502,0.02198708988726139,0.003862075274810195,0.03304984048008919
-90.0,0.0,-90.0,73,0.021479642018675804,0.022791841998696327,0.004231228958815336,0.0347006730735302
90.0,-180.0,90.0,73,0.021479642018675804,0.022791841998696327,0.004231228958815336,0.0347006730735302
90.0,180.0,90.0,73,0.021479642018675804,0.022791841998696327,0.004231228958815336,0.0347006730735302
-45.0,0.0,-90.0,73,0.022333402186632156,0.022887354716658592,0.0030356799252331257,0.03300238028168678
135.0,-180.0,90.0,73,0.022333402186632156,0.022887354716658592,0.0030356799252331257,0.03300238028168678
135.0,180.0,90.0,73,0.022333402186632156,0.022887354716658592,0.0030356799252331257,0.03300238028168678
